id,name,email,email_verified_at,password,remember_token
,Camilo Rojas,crojas@serempre.com,2021-01-24 19:40:26,$2y$10$92IXUNpkjO0rOQ5byMi.Ye4oKoEa3Ro9llC/.og/at2.uheWG/igi,HZrpy5Riwe
,Domenico Gerhold,gislason.dakota@example.net,2021-01-24 19:40:27,$2y$10$92IXUNpkjO0rOQ5byMi.Ye4oKoEa3Ro9llC/.og/at2.uheWG/igi,upYZ51dMgv
,Prof. Nigel Mitchell,brionna.daugherty@example.org,2021-01-24 19:40:28,$2y$10$92IXUNpkjO0rOQ5byMi.Ye4oKoEa3Ro9llC/.og/at2.uheWG/igi,yodTe1GO8b
,Vivienne Hartmann,collier.jayme@example.org,2021-01-24 19:40:29,$2y$10$92IXUNpkjO0rOQ5byMi.Ye4oKoEa3Ro9llC/.og/at2.uheWG/igi,xowkUAadbR
,Brown Hayes,erice@example.org,2021-01-24 19:40:30,$2y$10$92IXUNpkjO0rOQ5byMi.Ye4oKoEa3Ro9llC/.og/at2.uheWG/igi,baUPzYH2o5
,Elwyn Bergstrom,dahlia.lockman@example.org,2021-01-24 19:40:31,$2y$10$92IXUNpkjO0rOQ5byMi.Ye4oKoEa3Ro9llC/.og/at2.uheWG/igi,ilezTdiAv1
,Jodie Heidenreich V,mauricio.connelly@example.com,2021-01-24 19:40:32,$2y$10$92IXUNpkjO0rOQ5byMi.Ye4oKoEa3Ro9llC/.og/at2.uheWG/igi,8sMcvXihFp
,Prof. Camden Rodriguez,rkuphal@example.com,2021-01-24 19:40:33,$2y$10$92IXUNpkjO0rOQ5byMi.Ye4oKoEa3Ro9llC/.og/at2.uheWG/igi,XTfJBv51ST
,Sunny McCullough IV,feeney.marques@example.net,2021-01-24 19:40:34,$2y$10$92IXUNpkjO0rOQ5byMi.Ye4oKoEa3Ro9llC/.og/at2.uheWG/igi,UWaOGkKNgl
,Alvina Moen,rowland78@example.net,2021-01-24 19:40:35,$2y$10$92IXUNpkjO0rOQ5byMi.Ye4oKoEa3Ro9llC/.og/at2.uheWG/igi,0EJMwLcMVJ
,Dr. Lora Blick Sr.,alejandra.mcglynn@example.net,2021-01-24 19:40:36,$2y$10$92IXUNpkjO0rOQ5byMi.Ye4oKoEa3Ro9llC/.og/at2.uheWG/igi,Z4ePIEQfnE
